-- --------------------------------------------------------
-- Хост:                         127.0.0.1
-- Версия сервера:               5.6.19-log - MySQL Community Server (GPL)
-- ОС Сервера:                   Win32
-- HeidiSQL Версия:              8.3.0.4694
-- --------------------------------------------------------

/*!40101 SET @OLD_CHARACTER_SET_CLIENT=@@CHARACTER_SET_CLIENT */;
/*!40101 SET NAMES utf8 */;
/*!40014 SET @OLD_FOREIGN_KEY_CHECKS=@@FOREIGN_KEY_CHECKS, FOREIGN_KEY_CHECKS=0 */;
/*!40101 SET @OLD_SQL_MODE=@@SQL_MODE, SQL_MODE='NO_AUTO_VALUE_ON_ZERO' */;

-- Дамп структуры базы данных car
DROP DATABASE IF EXISTS `car`;
CREATE DATABASE IF NOT EXISTS `car` /*!40100 DEFAULT CHARACTER SET utf8 */;
USE `car`;


-- Дамп структуры для таблица car.auto_engineCompressorType
DROP TABLE IF EXISTS `auto_engineCompressorType`;
CREATE TABLE IF NOT EXISTS `auto_engineCompressorType` (
  `id` int(10) unsigned NOT NULL AUTO_INCREMENT,
  `idModel` int(10) unsigned NOT NULL,
  `name` varchar(50) DEFAULT NULL,
  PRIMARY KEY (`id`),
  KEY `FK_auto_engineCompressorType_auto_model` (`idModel`),
  CONSTRAINT `FK_auto_engineCompressorType_auto_model` FOREIGN KEY (`idModel`) REFERENCES `auto_model` (`id`)
) ENGINE=InnoDB DEFAULT CHARSET=utf8 COMMENT='engineCompressorType';

-- Дамп данных таблицы car.auto_engineCompressorType: ~0 rows (приблизительно)
/*!40000 ALTER TABLE `auto_engineCompressorType` DISABLE KEYS */;
/*!40000 ALTER TABLE `auto_engineCompressorType` ENABLE KEYS */;


-- Дамп структуры для таблица car.auto_engineCylinder
DROP TABLE IF EXISTS `auto_engineCylinder`;
CREATE TABLE IF NOT EXISTS `auto_engineCylinder` (
  `id` int(10) unsigned NOT NULL AUTO_INCREMENT,
  `idModel` int(10) unsigned NOT NULL,
  `count` int(2) DEFAULT NULL,
  PRIMARY KEY (`id`),
  KEY `FK_auto_engineCylinder_auto_model` (`idModel`),
  CONSTRAINT `FK_auto_engineCylinder_auto_model` FOREIGN KEY (`idModel`) REFERENCES `auto_model` (`id`)
) ENGINE=InnoDB DEFAULT CHARSET=utf8 COMMENT='engineCompressorType';

-- Дамп данных таблицы car.auto_engineCylinder: ~0 rows (приблизительно)
/*!40000 ALTER TABLE `auto_engineCylinder` DISABLE KEYS */;
/*!40000 ALTER TABLE `auto_engineCylinder` ENABLE KEYS */;


-- Дамп структуры для таблица car.auto_engineFuelType
DROP TABLE IF EXISTS `auto_engineFuelType`;
CREATE TABLE IF NOT EXISTS `auto_engineFuelType` (
  `id` int(10) unsigned NOT NULL AUTO_INCREMENT,
  `idModel` int(10) unsigned NOT NULL,
  `name` varchar(50) DEFAULT NULL,
  PRIMARY KEY (`id`),
  KEY `FK_auto_engineFuelType_auto_model` (`idModel`),
  CONSTRAINT `FK_auto_engineFuelType_auto_model` FOREIGN KEY (`idModel`) REFERENCES `auto_model` (`id`)
) ENGINE=InnoDB DEFAULT CHARSET=utf8 COMMENT='engineCompressorType';

-- Дамп данных таблицы car.auto_engineFuelType: ~0 rows (приблизительно)
/*!40000 ALTER TABLE `auto_engineFuelType` DISABLE KEYS */;
/*!40000 ALTER TABLE `auto_engineFuelType` ENABLE KEYS */;


-- Дамп структуры для таблица car.auto_engineSize
DROP TABLE IF EXISTS `auto_engineSize`;
CREATE TABLE IF NOT EXISTS `auto_engineSize` (
  `id` int(10) unsigned NOT NULL AUTO_INCREMENT,
  `idModel` int(10) unsigned NOT NULL,
  `count` float DEFAULT NULL,
  PRIMARY KEY (`id`),
  KEY `FK_auto_engineSize_auto_model` (`idModel`),
  CONSTRAINT `FK_auto_engineSize_auto_model` FOREIGN KEY (`idModel`) REFERENCES `auto_model` (`id`)
) ENGINE=InnoDB DEFAULT CHARSET=utf8 COMMENT='engineCompressorType';

-- Дамп данных таблицы car.auto_engineSize: ~0 rows (приблизительно)
/*!40000 ALTER TABLE `auto_engineSize` DISABLE KEYS */;
/*!40000 ALTER TABLE `auto_engineSize` ENABLE KEYS */;


-- Дамп структуры для таблица car.auto_engineType
DROP TABLE IF EXISTS `auto_engineType`;
CREATE TABLE IF NOT EXISTS `auto_engineType` (
  `id` int(10) unsigned NOT NULL AUTO_INCREMENT,
  `idModel` int(10) unsigned NOT NULL,
  `name` varchar(50) DEFAULT NULL,
  PRIMARY KEY (`id`),
  KEY `FK_auto_engineType_auto_model` (`idModel`),
  CONSTRAINT `FK_auto_engineType_auto_model` FOREIGN KEY (`idModel`) REFERENCES `auto_model` (`id`)
) ENGINE=InnoDB DEFAULT CHARSET=utf8;

-- Дамп данных таблицы car.auto_engineType: ~0 rows (приблизительно)
/*!40000 ALTER TABLE `auto_engineType` DISABLE KEYS */;
/*!40000 ALTER TABLE `auto_engineType` ENABLE KEYS */;


-- Дамп структуры для таблица car.auto_make
DROP TABLE IF EXISTS `auto_make`;
CREATE TABLE IF NOT EXISTS `auto_make` (
  `id` int(11) unsigned NOT NULL AUTO_INCREMENT,
  `name` varchar(50) NOT NULL DEFAULT '0',
  `idMake` int(11) DEFAULT NULL,
  `country` varchar(50) DEFAULT NULL,
  `make_uid` varchar(50) DEFAULT NULL,
  `certified` int(11) DEFAULT '0',
  PRIMARY KEY (`id`)
) ENGINE=InnoDB AUTO_INCREMENT=139 DEFAULT CHARSET=utf8 COMMENT='производитель автомобилей';

-- Дамп данных таблицы car.auto_make: ~138 rows (приблизительно)
/*!40000 ALTER TABLE `auto_make` DISABLE KEYS */;
INSERT IGNORE INTO `auto_make` (`id`, `name`, `idMake`, `country`, `make_uid`, `certified`) VALUES
	(1, 'AM General', 200347864, 'USA', 'am-general', 1),
	(2, 'Acura', 200002038, 'USA', 'acura', 1),
	(3, 'Audi', 200000001, 'Germany', 'audi', 1),
	(4, 'BMW', 200000081, 'Germany', 'bmw', 1),
	(5, 'Bentley', 200005848, 'UK', 'bentley', 1),
	(6, 'Bugatti', 200030397, 'Italy', 'bugatti', 1),
	(7, 'Alfa Romeo', 200464140, 'Italy', 'alfa-romeo', 1),
	(8, 'Cadillac', 200001663, 'USA', 'cadillac', 1),
	(9, 'Chevrolet', 200000404, 'USA', 'chevrolet', 1),
	(10, 'Aston Martin', 200001769, 'UK', 'aston-martin', 1),
	(11, 'Buick', 200006659, 'USA', 'buick', 1),
	(12, 'Chrysler', 200003644, 'USA', 'chrysler', 1),
	(13, 'Daewoo', 200312185, 'South Korea', 'daewoo', 1),
	(14, 'Dodge', 200009788, 'USA', 'dodge', 1),
	(15, 'Eagle', 200347865, 'USA', 'eagle', 1),
	(16, 'FIAT', 200033022, 'Italy', 'fiat', 1),
	(17, 'Ferrari', 200006023, 'Italy', 'ferrari', 1),
	(18, 'Ford', 200005143, 'USA', 'ford', 1),
	(19, 'GMC', 200007302, 'USA', 'gmc', 1),
	(20, 'Geo', 200347866, 'USA', 'geo', 1),
	(21, 'HUMMER', 200004021, 'USA', 'hummer', 1),
	(22, 'Honda', 200001444, 'Japan', 'honda', 1),
	(23, 'Hyundai', 200001398, 'South Korea', 'hyundai', 1),
	(24, 'Infiniti', 200000089, 'Japan', 'infiniti', 1),
	(25, 'Isuzu', 200110731, 'Japan', 'isuzu', 1),
	(26, 'Jaguar', 200003196, 'UK', 'jaguar', 1),
	(27, 'Kia', 200003063, 'South Korea', 'kia', 1),
	(28, 'Jeep', 200001510, 'USA', 'jeep', 1),
	(29, 'Land Rover', 200006582, 'UK', 'land-rover', 1),
	(30, 'Lamborghini', 200005922, 'Italy', 'lamborghini', 1),
	(31, 'Lexus', 200001623, 'Japan', 'lexus', 1),
	(32, 'Lincoln', 200001777, 'USA', 'lincoln', 1),
	(33, 'Lotus', 200006242, 'UK', 'lotus', 1),
	(34, 'MINI', 200002305, 'UK', 'mini', 1),
	(35, 'Maserati', 200028029, 'Italy', 'maserati', 1),
	(36, 'McLaren', 200051397, 'UK', 'mclaren', 1),
	(37, 'Mercedes-Benz', 200000130, 'Germany', 'mercedes-benz', 1),
	(38, 'Mercury', 200007711, 'USA', 'mercury', 1),
	(39, 'Mazda', 200004100, 'Japan', 'mazda', 1),
	(40, 'Mitsubishi', 200002915, 'Japan', 'mitsubishi', 1),
	(41, 'Nissan', 200000201, 'Japan', 'nissan', 1),
	(42, 'Oldsmobile', 200249342, 'USA', 'oldsmobile', 1),
	(43, 'Pontiac', 200002634, 'USA', 'pontiac', 1),
	(44, 'Plymouth', 200339126, 'USA', 'plymouth', 1),
	(45, 'Rolls-Royce', 200005044, 'UK', 'rolls-royce', 1),
	(46, 'Porsche', 200000886, 'Germany', 'porsche', 1),
	(47, 'Ram', 200393150, NULL, NULL, 1),
	(48, 'Saab', 200074504, 'Sweden', 'saab', 1),
	(49, 'Saturn', 200004446, 'USA', 'saturn', 1),
	(50, 'Scion', 200006515, 'Japan', 'scion', 1),
	(51, 'Spyker', 200046567, 'Netherlands', 'spyker', 1),
	(52, 'Subaru', 200004491, 'Japan', 'subaru', 1),
	(53, 'Suzuki', 200001853, 'Japan', 'suzuki', 1),
	(54, 'Tesla', 200018920, 'USA', 'tesla', 1),
	(55, 'Toyota', 200003381, 'Japan', 'toyota', 1),
	(56, 'Volkswagen', 200000238, 'Germany', 'volkswagen', 1),
	(57, 'Volvo', 200010382, 'Sweden', 'volvo', 1),
	(58, 'smart', 200038885, 'France', 'smart', 1),
	(59, 'Austin', NULL, 'UK', 'austin', 1),
	(60, 'Citroen', NULL, 'France', 'citroen', 1),
	(61, 'DKW', NULL, 'Germany', 'dkw', 1),
	(62, 'GAZ', NULL, 'Russia', 'gaz', 1),
	(63, 'Lancia', NULL, 'Italy', 'lancia', 1),
	(64, 'Maybach', NULL, 'Germany', 'maybach', 1),
	(65, 'Opel', NULL, 'Germany', 'opel', 1),
	(66, 'Packard', NULL, 'USA', 'packard', 1),
	(67, 'Morris', NULL, 'UK', 'morris', 1),
	(68, 'Peugeot', NULL, 'France', 'peugeot', 1),
	(69, 'Renault', NULL, 'France', 'renault', 1),
	(70, 'Rover', NULL, 'UK', 'rover', 1),
	(71, 'Simca', NULL, 'France', 'simca', 1),
	(72, 'Skoda', NULL, 'Czech Republic', 'skoda', 1),
	(73, 'Steyr', NULL, 'Austria', 'steyr', 1),
	(74, 'Sunbeam', NULL, 'UK', 'sunbeam', 1),
	(75, 'Tatra', NULL, 'Czech Republic', 'tatra', 1),
	(76, 'Willys-Overland', NULL, 'USA', 'willys-overland', 1),
	(77, 'Alvis', NULL, 'UK', 'alvis', 1),
	(78, 'Armstrong Siddeley', NULL, 'UK', 'armstrong-siddeley', 1),
	(79, 'Riley', NULL, 'UK', 'riley', 1),
	(80, 'Alpina', NULL, 'UK', 'alpina', 1),
	(81, 'Alpine', NULL, 'Germany', 'alpine', 1),
	(82, 'Auverland', NULL, 'France', 'auverland', 1),
	(83, 'Bristol', NULL, 'UK', 'bristol', 1),
	(84, 'Beijing', NULL, 'China', 'beijing', 1),
	(85, 'Caterham', NULL, 'UK', 'caterham', 1),
	(86, 'Ascari', NULL, 'UK', 'ascari', 1),
	(87, 'De Tomaso', NULL, 'Italy', 'de-tomaso', 1),
	(88, 'Donkervoort', NULL, 'Netherlands', 'donkervoort', 1),
	(89, 'Daihatsu', NULL, 'Japan', 'daihatsu', 1),
	(90, 'Ginetta', NULL, 'UK', 'ginetta', 1),
	(91, 'Holden', NULL, 'Australia', 'holden', 1),
	(92, 'Innocenti', NULL, 'Italy', 'innocenti', 1),
	(93, 'Italdesign', NULL, 'Italy', 'italdesign', 1),
	(94, 'Jensen', NULL, 'UK', 'jensen', 1),
	(95, 'Lada', NULL, 'Russia', 'lada', 1),
	(96, 'Lotec', NULL, 'Germany', 'lotec', 1),
	(97, 'Mahindra', NULL, 'India', 'mahindra', 1),
	(98, 'Marcos', NULL, 'UK', 'marcos', 1),
	(99, 'MG', NULL, 'UK', 'mg', 1),
	(100, 'Monteverdi', NULL, 'Switzerland', 'monteverdi', 1),
	(101, 'Morgan', NULL, 'UK', 'morgan', 1),
	(102, 'Proton', NULL, 'Malaysia', 'proton', 1),
	(103, 'Seat', NULL, 'Spain', 'seat', 1),
	(104, 'Tata', NULL, 'India', 'tata', 1),
	(105, 'TVR', NULL, 'UK', 'tvr', 1),
	(106, 'Vauxhall', NULL, 'Germany', 'vauxhall', 1),
	(107, 'Westfield', NULL, 'UK', 'westfield', 1),
	(108, 'Zastava', NULL, 'Serbia', 'zastava', 1),
	(109, 'Venturi', NULL, 'France', 'venturi', 1),
	(110, 'Zagato', NULL, 'Italy', 'zagato', 1),
	(111, 'Xedos', NULL, 'Japan', 'xedos', 1),
	(112, 'Reliant', NULL, 'UK', 'reliant', 1),
	(113, 'ZAZ', NULL, 'Ukraine', 'zaz', 1),
	(114, 'AC', NULL, 'UK', 'ac', 1),
	(115, 'Pininfarina', NULL, 'Italy', 'pininfarina', 1),
	(116, 'SsangYong', NULL, 'South Korea', 'ssangyong', 1),
	(117, 'Vector', NULL, 'Japan', 'vector', 1),
	(118, 'MCC', NULL, 'Germany', 'mcc', 1),
	(119, 'Panoz', NULL, 'USA', 'panoz', 1),
	(120, 'Bizzarrini', NULL, 'Italy', 'bizzarrini', 1),
	(121, 'Noble', NULL, 'UK', 'noble', 1),
	(122, 'Pagani', NULL, 'Italy', 'pagani', 1),
	(123, 'Samsung', NULL, 'South Korea', 'samsung', 1),
	(124, 'Ariel', NULL, 'UK', 'ariel', 1),
	(125, 'Matra-Simca', NULL, 'France', 'matra-simca', 1),
	(126, 'Saleen', NULL, 'USA', 'saleen', 1),
	(127, 'Dacia', NULL, 'Romania', 'dacia', 1),
	(128, 'Koenigsegg', NULL, 'Sweden', 'koenigsegg', 1),
	(129, 'Avanti', NULL, 'USA', 'avanti', 1),
	(130, 'Studebaker', NULL, 'USA', 'studebaker', 1),
	(131, 'Daimler', NULL, 'UK', 'daimler', 1),
	(132, 'SSC', NULL, 'USA', 'ssc', 1),
	(133, 'Abarth', NULL, 'Italy', 'abarth', 1),
	(134, 'Geely', NULL, 'China', 'geely', 1),
	(135, 'Brilliance', NULL, 'China', 'brilliance', 1),
	(136, 'Luxgen', NULL, 'Taiwan', 'luxgen', 1),
	(137, 'Zenvo', NULL, 'Denmark', 'zenvo', 1),
	(138, 'Fisker', NULL, 'USA', 'fisker', 1);
/*!40000 ALTER TABLE `auto_make` ENABLE KEYS */;


-- Дамп структуры для таблица car.auto_model
DROP TABLE IF EXISTS `auto_model`;
CREATE TABLE IF NOT EXISTS `auto_model` (
  `id` int(10) unsigned NOT NULL AUTO_INCREMENT,
  `id_make` int(10) unsigned NOT NULL,
  `idYear` int(10) unsigned DEFAULT NULL,
  `name` varchar(255) DEFAULT NULL,
  `certified` int(1) DEFAULT '0',
  PRIMARY KEY (`id`),
  KEY `Make Name` (`id_make`),
  KEY `FK_auto_model_auto_year` (`idYear`),
  CONSTRAINT `FK_auto_model_auto_year` FOREIGN KEY (`idYear`) REFERENCES `auto_year` (`id`),
  CONSTRAINT `FK__auto_make` FOREIGN KEY (`id_make`) REFERENCES `auto_make` (`id`)
) ENGINE=InnoDB AUTO_INCREMENT=524 DEFAULT CHARSET=utf8 COMMENT='модели автомобилей';

-- Дамп данных таблицы car.auto_model: ~1 rows (приблизительно)
/*!40000 ALTER TABLE `auto_model` DISABLE KEYS */;
INSERT IGNORE INTO `auto_model` (`id`, `id_make`, `idYear`, `name`, `certified`) VALUES
	(1, 7, 1, '6C', 1),
	(2, 11, 1, 'Century', 1),
	(3, 5, 2, 'MK V', 1),
	(4, 8, 2, '62', 1),
	(5, 6, 2, 'Type 68', 1),
	(6, 8, 2, '61', 1),
	(7, 7, 2, '6C', 1),
	(8, 8, 2, '60', 1),
	(9, 10, 2, '15', 1),
	(10, 10, 2, '2-Litre', 1),
	(11, 11, 2, '40', 1),
	(12, 11, 2, 'Century', 1),
	(13, 12, 2, 'Thunderbolt', 1),
	(14, 16, 2, '500', 1),
	(15, 26, 2, 'SS', 1),
	(16, 18, 2, 'Taunus', 1),
	(17, 32, 2, 'Zephyr', 1),
	(18, 35, 2, '4', 1),
	(19, 37, 2, '320', 1),
	(20, 35, 2, '8', 1),
	(21, 37, 2, '230', 1),
	(22, 37, 2, '500', 1),
	(23, 37, 2, '770', 1),
	(24, 42, 2, '66', 1),
	(25, 55, 2, 'AA', 1),
	(26, 56, 2, 'Schwimmwagen', 1),
	(27, 57, 2, 'PV', 1),
	(28, 60, 2, '11', 1),
	(29, 60, 2, '15', 1),
	(30, 60, 2, '7A', 1),
	(31, 59, 2, '8', 1),
	(32, 61, 2, 'Reichklasse F8', 1),
	(33, 62, 2, '10-73', 1),
	(34, 62, 2, '61', 1),
	(35, 62, 2, 'M1', 1),
	(36, 63, 2, 'Aprilia', 1),
	(37, 64, 2, 'SW', 1),
	(38, 65, 2, 'Kraftfahrzeug', 1),
	(39, 66, 2, '12', 1),
	(40, 68, 2, '202', 1),
	(41, 68, 2, 'Type 202', 1),
	(42, 67, 2, 'Ten Four', 1),
	(43, 69, 2, 'Juva', 1),
	(44, 70, 2, 'P2', 1),
	(45, 71, 2, '8', 1),
	(46, 71, 2, '5', 1),
	(47, 72, 2, 'Superb', 1),
	(48, 72, 2, 'Polular 995', 1),
	(49, 72, 2, 'Popular', 1),
	(50, 74, 2, '2-Litre', 1),
	(51, 73, 2, '220', 1),
	(52, 74, 2, '10', 1),
	(53, 75, 2, 'T87', 1),
	(54, 76, 2, 'Jeep', 1),
	(55, 6, 3, 'Type 68', 1),
	(56, 8, 3, '60', 1),
	(57, 7, 3, '6C', 1),
	(58, 10, 3, '15', 1),
	(59, 8, 3, '61', 1),
	(60, 11, 3, 'Century', 1),
	(61, 8, 3, '62', 1),
	(62, 10, 3, 'Atom', 1),
	(63, 11, 3, '40', 1),
	(64, 12, 3, 'Town & Country', 1),
	(65, 18, 3, 'Taunus', 1),
	(66, 16, 3, '500', 1),
	(67, 14, 3, 'WC 51', 1),
	(68, 28, 3, 'MB', 1),
	(69, 37, 3, '500', 1),
	(70, 32, 3, 'Zephyr', 1),
	(71, 35, 3, '4CL', 1),
	(72, 35, 3, '8CL', 1),
	(73, 37, 3, '320', 1),
	(74, 37, 3, '770', 1),
	(75, 57, 3, 'PV 801-10', 1),
	(76, 59, 3, '10 HP', 1),
	(77, 42, 3, '66', 1),
	(78, 56, 3, 'Schwimmwagen', 1),
	(79, 60, 3, '11', 1),
	(80, 60, 3, '15', 1),
	(81, 59, 3, '8', 1),
	(82, 60, 3, '7A', 1),
	(83, 61, 3, 'Reichklasse F8', 1),
	(84, 62, 3, '10-73', 1),
	(85, 63, 3, 'Aprilia', 1),
	(86, 66, 3, '12', 1),
	(87, 62, 3, 'M1', 1),
	(88, 65, 3, 'Kraftfahrzeug', 1),
	(89, 71, 3, '5', 1),
	(90, 67, 3, 'Ten Four', 1),
	(91, 69, 3, 'Juva', 1),
	(92, 68, 3, '202', 1),
	(93, 72, 3, 'Polular 995', 1),
	(94, 70, 3, 'P2', 1),
	(95, 72, 3, 'Popular', 1),
	(96, 72, 3, 'Superb', 1),
	(97, 74, 3, '10', 1),
	(98, 74, 3, '2 Litres', 1),
	(99, 75, 3, 'T87', 1),
	(100, 7, 4, '6C', 1),
	(101, 18, 4, 'Taunus', 1),
	(102, 8, 4, '61', 1),
	(103, 14, 4, 'WC 51', 1),
	(104, 8, 4, '62', 1),
	(105, 16, 4, '500', 1),
	(106, 35, 4, '8CL', 1),
	(107, 28, 4, 'MB', 1),
	(108, 35, 4, '4CL', 1),
	(109, 37, 4, '500', 1),
	(110, 37, 4, '770', 1),
	(111, 57, 4, 'PV 801-10', 1),
	(112, 42, 4, '66', 1),
	(113, 56, 4, 'Schwimmwagen', 1),
	(114, 59, 4, '8', 1),
	(115, 59, 4, '10 HP', 1),
	(116, 62, 4, '10-73', 1),
	(117, 60, 4, '15', 1),
	(118, 60, 4, '7A', 1),
	(119, 63, 4, 'Aprilia', 1),
	(120, 65, 4, 'Kraftfahrzeug', 1),
	(121, 68, 4, '202', 1),
	(122, 66, 4, '12', 1),
	(123, 67, 4, 'Ten Four', 1),
	(124, 69, 4, 'Juva', 1),
	(125, 70, 4, 'P2', 1),
	(126, 71, 4, '5', 1),
	(127, 71, 4, '8', 1),
	(128, 72, 4, 'Polular 995', 1),
	(129, 72, 4, 'Popular', 1),
	(130, 72, 4, 'Superb', 1),
	(131, 75, 4, 'T87', 1),
	(132, 74, 4, '10', 1),
	(133, 74, 4, '2-Litre', 1),
	(134, 6, 5, 'Type 68', 1),
	(135, 8, 5, '61', 1),
	(136, 7, 5, '6C', 1),
	(137, 8, 5, '62', 1),
	(138, 14, 5, 'WC 51', 1),
	(139, 16, 5, '500', 1),
	(140, 35, 5, '4', 1),
	(141, 35, 5, '8', 1),
	(142, 18, 5, 'Taunus', 1),
	(143, 37, 5, '500', 1),
	(144, 56, 5, 'Schwimmwagen', 1),
	(145, 59, 5, '10 HP', 1),
	(146, 42, 5, '66', 1),
	(147, 59, 5, '8', 1),
	(148, 60, 5, '11', 1),
	(149, 60, 5, '15', 1),
	(150, 63, 5, 'Aprilia', 1),
	(151, 60, 5, '7', 1),
	(152, 62, 5, '10-73', 1),
	(153, 67, 5, 'Ten Four', 1),
	(154, 66, 5, '12', 1),
	(155, 69, 5, 'Juva', 1),
	(156, 70, 5, 'P2', 1),
	(157, 68, 5, '202', 1),
	(158, 71, 5, '5', 1),
	(159, 72, 5, 'Popular', 1),
	(160, 71, 5, '8', 1),
	(161, 74, 5, '10', 1),
	(162, 72, 5, 'Polular 995', 1),
	(163, 74, 5, '2-Litre', 1),
	(164, 75, 5, 'T87', 1),
	(165, 6, 7, 'Type 68', 1),
	(166, 7, 7, '6C', 1),
	(167, 8, 7, '62', 1),
	(168, 18, 7, 'Taunus', 1),
	(169, 14, 7, 'WC 51', 1),
	(170, 28, 7, 'CJ2', 1),
	(171, 16, 7, '500', 1),
	(172, 26, 7, 'Mark IV', 1),
	(173, 28, 7, 'MB', 1),
	(174, 35, 7, '4', 1),
	(175, 42, 7, '66', 1),
	(176, 56, 7, 'Schwimmwagen', 1),
	(177, 35, 7, '8', 1),
	(178, 59, 7, '10 HP', 1),
	(179, 59, 7, '16', 1),
	(180, 59, 7, '8', 1),
	(181, 60, 7, '15', 1),
	(182, 60, 7, '11', 1),
	(183, 62, 7, '10-73', 1),
	(184, 67, 7, 'Ten Four', 1),
	(185, 68, 7, '202', 1),
	(186, 60, 7, '7A', 1),
	(187, 63, 7, 'Aprilia', 1),
	(188, 69, 7, 'Juva', 1),
	(189, 70, 7, 'P2', 1),
	(190, 72, 7, 'Polular 995', 1),
	(191, 72, 7, 'Popular', 1),
	(192, 71, 7, '5', 1),
	(193, 74, 7, '10', 1),
	(194, 74, 7, '2 Litres', 1),
	(195, 78, 7, '16', 1),
	(196, 75, 7, 'T87', 1),
	(197, 77, 7, 'TA 14', 1),
	(198, 79, 7, 'RM A', 1),
	(199, 5, 9, 'Mark VI', 1),
	(200, 11, 9, '40', 1),
	(201, 7, 9, '6C', 1),
	(202, 8, 9, '62', 1),
	(203, 6, 9, 'Type 68', 1),
	(204, 9, 9, 'Suburban', 1),
	(205, 12, 9, 'Town & Country', 1),
	(206, 16, 9, '500', 1),
	(207, 18, 9, 'Taunus', 1),
	(208, 26, 9, 'Mark IV', 1),
	(209, 28, 9, 'Station Wagon', 1),
	(210, 35, 9, '4', 1),
	(211, 28, 9, 'CJ2A', 1),
	(212, 35, 9, '6C', 1),
	(213, 26, 9, 'MK IV', 1),
	(214, 37, 9, '170 V', 1),
	(215, 37, 9, 'W 123 Coupe', 1),
	(216, 42, 9, '66', 1),
	(217, 35, 9, 'A6', 1),
	(218, 45, 9, 'Silver Wraith', 1),
	(219, 56, 9, 'Beetle', 1),
	(220, 57, 9, 'PV 60', 1),
	(221, 59, 9, '10 HP', 1),
	(222, 59, 9, '16', 1),
	(223, 59, 9, '8', 1),
	(224, 60, 9, '15', 1),
	(225, 60, 9, '11', 1),
	(226, 62, 9, 'M-20', 1),
	(227, 60, 9, '7A', 1),
	(228, 62, 9, '10-73', 1),
	(229, 63, 9, 'Ardea 3', 1),
	(230, 63, 9, 'Aprilia', 1),
	(231, 67, 9, 'Ten Four', 1),
	(232, 68, 9, '202', 1),
	(233, 69, 9, 'Juva', 1),
	(234, 70, 9, 'P2', 1),
	(235, 71, 9, '5', 1),
	(236, 71, 9, '8', 1),
	(237, 72, 9, 'Polular 995', 1),
	(238, 72, 9, 'Popular', 1),
	(239, 74, 9, '10', 1),
	(240, 74, 9, '2-Litre', 1),
	(241, 75, 9, 'T107', 1),
	(242, 75, 9, 'T87', 1),
	(243, 77, 9, 'TA 14', 1),
	(244, 83, 9, '450', 1),
	(245, 130, 9, 'Champion', 1),
	(246, 131, 9, 'DE 27', 1),
	(247, 131, 9, 'DE 36', 1),
	(248, 6, 6, 'Type 73', 1),
	(249, 5, 6, 'Mark VI', 1),
	(250, 12, 6, 'Town & Country', 1),
	(251, 7, 6, '6C', 1),
	(252, 8, 6, '62', 1),
	(253, 11, 6, '40', 1),
	(254, 17, 6, '125S', 1),
	(255, 16, 6, '500', 1),
	(256, 17, 6, '159S', 1),
	(257, 17, 6, '125', 1),
	(258, 18, 6, 'Taunus', 1),
	(259, 18, 6, 'Pilot', 1),
	(260, 28, 6, 'CJ2A', 1),
	(261, 26, 6, 'Mark IV', 1),
	(262, 28, 6, 'Station Wagon', 1),
	(263, 35, 6, '4CL', 1),
	(264, 35, 6, 'A6', 1),
	(265, 35, 6, 'A6G', 1),
	(266, 37, 6, 'W 136', 1),
	(267, 42, 6, '66', 1),
	(268, 57, 6, 'PV 60', 1),
	(269, 41, 6, 'Sedan', 1),
	(270, 56, 6, 'Beetle', 1),
	(271, 59, 6, '16', 1),
	(272, 55, 6, 'SA', 1),
	(273, 59, 6, '10 HP', 1),
	(274, 59, 6, '8', 1),
	(275, 59, 6, 'A 110', 1),
	(276, 59, 6, 'A 40', 1),
	(277, 59, 6, 'A 125', 1),
	(278, 60, 6, '11', 1),
	(279, 62, 6, 'M20', 1),
	(280, 60, 6, '15', 1),
	(281, 63, 6, 'Aprilia', 1),
	(282, 65, 6, 'Olympia', 1),
	(283, 67, 6, 'Ten Four', 1),
	(284, 69, 6, 'Juva', 1),
	(285, 70, 6, 'P2', 1),
	(286, 68, 6, '202', 1),
	(287, 71, 6, '5', 1),
	(288, 71, 6, '6', 1),
	(289, 71, 6, '8', 1),
	(290, 74, 6, '2-Litre', 1),
	(291, 74, 6, '10', 1),
	(292, 75, 6, 'T107', 1),
	(293, 75, 6, 'Tatraplan', 1),
	(294, 77, 6, 'TA 14', 1),
	(295, 75, 6, 'T87', 1),
	(296, 79, 6, 'RM A', 1),
	(297, 83, 6, '450', 1),
	(298, 130, 6, 'Champion', 1),
	(299, 5, 8, 'Mark VI', 1),
	(300, 11, 8, '40', 1),
	(301, 6, 8, 'Type 73', 1),
	(302, 7, 8, '6C', 1),
	(303, 8, 8, '62', 1),
	(304, 10, 8, '2-Litre', 1),
	(305, 12, 8, 'Town & Country', 1),
	(306, 16, 8, '500', 1),
	(307, 17, 8, '166', 1),
	(308, 17, 8, '125 F1', 1),
	(309, 18, 8, 'Anglia', 1),
	(310, 16, 8, '1100', 1),
	(311, 18, 8, 'F', 1),
	(312, 18, 8, 'Prefect', 1),
	(313, 18, 8, 'Taunus', 1),
	(314, 26, 8, 'Mark IV', 1),
	(315, 26, 8, 'XK', 1),
	(316, 35, 8, '4', 1),
	(317, 28, 8, 'CJ2A', 1),
	(318, 28, 8, 'Station Wagon', 1),
	(319, 28, 8, 'Jeepster', 1),
	(320, 35, 8, 'A6G', 1),
	(321, 35, 8, 'A6GCS', 1),
	(322, 28, 8, 'CJ3A', 1),
	(323, 37, 8, 'W 123 Coupe', 1),
	(324, 41, 8, 'Sedan', 1),
	(325, 42, 8, '66', 1),
	(326, 45, 8, 'Silver Wraith', 1),
	(327, 55, 8, 'SA', 1),
	(328, 46, 8, '356', 1),
	(329, 57, 8, 'PV 60', 1),
	(330, 59, 8, '16', 1),
	(331, 56, 8, 'Beetle', 1),
	(332, 59, 8, 'A 110', 1),
	(333, 59, 8, 'A 40', 1),
	(334, 59, 8, 'A 70', 1),
	(335, 59, 8, 'A 90', 1),
	(336, 60, 8, '15', 1),
	(337, 60, 8, '2CV', 1),
	(338, 60, 8, '11', 1),
	(339, 65, 8, 'Kapitan', 1),
	(340, 62, 8, 'M-20', 1),
	(341, 67, 8, 'Minor', 1),
	(342, 67, 8, 'Oxford', 1),
	(343, 65, 8, 'Olympia', 1),
	(344, 63, 8, 'Aprilia', 1),
	(345, 67, 8, 'Ten Four', 1),
	(346, 67, 8, 'Six', 1),
	(347, 68, 8, '202', 1),
	(348, 69, 8, 'Juva', 1),
	(349, 71, 8, '5', 1),
	(350, 71, 8, '11', 1),
	(351, 71, 8, '8', 1),
	(352, 74, 8, '10', 1),
	(353, 71, 8, '6', 1),
	(354, 74, 8, '2-Litre', 1),
	(355, 75, 8, 'T107', 1),
	(356, 75, 8, 'T87', 1),
	(357, 75, 8, 'Tatraplan', 1),
	(358, 77, 8, 'TB 14', 1),
	(359, 77, 8, 'TA 14', 1),
	(360, 79, 8, 'RM A', 1),
	(361, 83, 8, '401', 1),
	(362, 83, 8, '400', 1),
	(363, 83, 8, '450', 1),
	(364, 91, 8, 'FX', 1),
	(365, 94, 8, 'Straight 8', 1),
	(366, 101, 8, 'F Super', 1),
	(367, 130, 8, 'Champion', 1),
	(368, 130, 8, 'Commander', 1),
	(369, 114, 8, '2-Litre', 1),
	(370, 4, 10, '340', 1),
	(371, 8, 10, '62', 1),
	(372, 5, 10, 'Mark VI', 1),
	(373, 7, 10, '6C', 1),
	(374, 4, 10, 'Veritas Rennsportwagen', 1),
	(375, 6, 10, 'Type 73', 1),
	(376, 9, 10, '2103', 1),
	(377, 10, 10, '2-Litre', 1),
	(378, 11, 10, '40', 1),
	(379, 16, 10, '1500', 1),
	(380, 16, 10, '500', 1),
	(381, 16, 10, '750', 1),
	(382, 17, 10, '125 F1', 1),
	(383, 17, 10, '166', 1),
	(384, 18, 10, 'Custom', 1),
	(385, 18, 10, 'F', 1),
	(386, 26, 10, 'XK', 1),
	(387, 26, 10, 'Mark IV', 1),
	(388, 26, 10, 'MK V', 1),
	(389, 28, 10, 'CJ2A', 1),
	(390, 18, 10, 'Taunus', 1),
	(391, 28, 10, 'Jeepster', 1),
	(392, 28, 10, 'Station Wagon', 1),
	(393, 28, 10, 'CJ3A', 1),
	(394, 29, 10, 'I', 1),
	(395, 35, 10, '4', 1),
	(396, 35, 10, 'A6G', 1),
	(397, 35, 10, 'A6GCS', 1),
	(398, 37, 10, '170S', 1),
	(399, 37, 10, 'W 136', 1),
	(400, 38, 10, 'Roadster', 1),
	(401, 45, 10, 'Silver Dawn', 1),
	(402, 45, 10, 'Silver Wraith', 1),
	(403, 41, 10, 'Sedan', 1),
	(404, 46, 10, '356', 1),
	(405, 48, 10, '92', 1),
	(406, 59, 10, '16', 1),
	(407, 55, 10, 'SA', 1),
	(408, 57, 10, 'PV 60', 1),
	(409, 56, 10, 'Beetle', 1),
	(410, 59, 10, 'A 40', 1),
	(411, 59, 10, 'A 70', 1),
	(412, 59, 10, 'A 90', 1),
	(413, 60, 10, '11', 1),
	(414, 59, 10, 'A 110', 1),
	(415, 60, 10, '15', 1),
	(416, 62, 10, 'M-20', 1),
	(417, 60, 10, '2CV', 1),
	(418, 63, 10, 'Aprilia', 1),
	(419, 65, 10, 'Kapitan', 1),
	(420, 65, 10, 'Olympia', 1),
	(421, 67, 10, 'Minor', 1),
	(422, 67, 10, 'Oxford', 1),
	(423, 67, 10, 'Six', 1),
	(424, 68, 10, '202', 1),
	(425, 68, 10, '203', 1),
	(426, 69, 10, 'Juva', 1),
	(427, 70, 10, 'P4', 1),
	(428, 71, 10, '6', 1),
	(429, 71, 10, 'Type 11 Monoplace', 1),
	(430, 71, 10, '8', 1),
	(431, 75, 10, 'T107', 1),
	(432, 75, 10, 'T600', 1),
	(433, 75, 10, 'T87', 1),
	(434, 77, 10, 'TB 14', 1),
	(435, 78, 10, 'Whitley', 1),
	(436, 79, 10, 'RM A', 1),
	(437, 77, 10, 'TA 14', 1),
	(438, 83, 10, '400', 1),
	(439, 83, 10, '401', 1),
	(440, 83, 10, '450', 1),
	(441, 83, 10, '402', 1),
	(442, 91, 10, 'FX', 1),
	(443, 94, 10, '4-Litre', 1),
	(444, 130, 10, 'Champion', 1),
	(445, 94, 10, 'Interceptor', 1),
	(446, 114, 10, '2-Litre', 1),
	(447, 99, 10, 'TD', 1),
	(448, 4, 11, '340', 1),
	(449, 7, 11, '1900', 1),
	(450, 7, 11, 'GP 158', 1),
	(451, 5, 11, 'Mark VI', 1),
	(452, 6, 11, 'Type 73', 1),
	(453, 7, 11, '6C', 1),
	(454, 8, 11, '62', 1),
	(455, 11, 11, '40', 1),
	(456, 12, 11, 'Windsor', 1),
	(457, 16, 11, '1400', 1),
	(458, 16, 11, '1500', 1),
	(459, 17, 11, '125 F1', 1),
	(460, 17, 11, '166', 1),
	(461, 16, 11, '500', 1),
	(462, 17, 11, '340 America', 1),
	(463, 18, 11, 'Consul', 1),
	(464, 17, 11, '195', 1),
	(465, 18, 11, 'Custom', 1),
	(466, 17, 11, '340 F1', 1),
	(467, 17, 11, '375 Indy', 1),
	(468, 18, 11, 'F', 1),
	(469, 18, 11, 'Taunus', 1),
	(470, 18, 11, 'Vedette', 1),
	(471, 18, 11, 'Zephyr', 1),
	(472, 26, 11, 'MK V', 1),
	(473, 26, 11, 'XK', 1),
	(474, 28, 11, 'CJ3A', 1),
	(475, 28, 11, 'Station Wagon', 1),
	(476, 29, 11, 'Serie I', 1),
	(477, 35, 11, '8CLT', 1),
	(478, 35, 11, '4CLT', 1),
	(479, 35, 11, 'A6GCS', 1),
	(480, 37, 11, 'W 136', 1),
	(481, 35, 11, 'A6G', 1),
	(482, 38, 11, 'Roadster', 1),
	(483, 41, 11, 'Sedan', 1),
	(484, 45, 11, 'Phantom', 1),
	(485, 45, 11, 'Silver Wraith', 1),
	(486, 45, 11, 'Silver Dawn', 1),
	(487, 48, 11, '92', 1),
	(488, 55, 11, 'SA', 1),
	(489, 56, 11, 'Beetle', 1),
	(490, 59, 11, 'A 40', 1),
	(491, 59, 11, 'A 70', 1),
	(492, 59, 11, 'A 90', 1),
	(493, 59, 11, 'A135', 1),
	(494, 60, 11, '11', 1),
	(495, 60, 11, '15', 1),
	(496, 60, 11, '2CV', 1),
	(497, 61, 11, 'F 89', 1),
	(498, 62, 11, 'M-20', 1),
	(499, 65, 11, 'Kapitan', 1),
	(500, 65, 11, 'Olympia', 1),
	(501, 63, 11, 'Aurelia', 1),
	(502, 67, 11, 'Oxford', 1),
	(503, 67, 11, 'Minor', 1),
	(504, 69, 11, 'Colorale', 1),
	(505, 67, 11, 'Six', 1),
	(506, 68, 11, '203', 1),
	(507, 69, 11, 'Juva', 1),
	(508, 70, 11, 'P4', 1),
	(509, 71, 11, '6', 1),
	(510, 71, 11, '8', 1),
	(511, 75, 11, 'T107', 1),
	(512, 75, 11, 'T87', 1),
	(513, 77, 11, 'TA 21', 1),
	(514, 77, 11, 'TB 14', 1),
	(515, 77, 11, 'TB 21', 1),
	(516, 77, 11, 'TA 14', 1),
	(517, 79, 11, 'RM A', 1),
	(518, 83, 11, '401', 1),
	(519, 83, 11, '450', 1),
	(520, 91, 11, 'FX', 1),
	(521, 99, 11, 'TD', 1),
	(522, 101, 11, 'Plus 4', 1),
	(523, 114, 11, '2-Litre', 1);
/*!40000 ALTER TABLE `auto_model` ENABLE KEYS */;


-- Дамп структуры для таблица car.auto_style
DROP TABLE IF EXISTS `auto_style`;
CREATE TABLE IF NOT EXISTS `auto_style` (
  `id` int(10) unsigned NOT NULL AUTO_INCREMENT,
  `idModel` int(10) unsigned NOT NULL,
  `name` varchar(50) NOT NULL,
  PRIMARY KEY (`id`),
  KEY `FK_auto_style_auto_model` (`idModel`),
  CONSTRAINT `FK_auto_style_auto_model` FOREIGN KEY (`idModel`) REFERENCES `auto_model` (`id`)
) ENGINE=InnoDB DEFAULT CHARSET=utf8 COMMENT='тип автомобиля: седан, кроссовер ...';

-- Дамп данных таблицы car.auto_style: ~0 rows (приблизительно)
/*!40000 ALTER TABLE `auto_style` DISABLE KEYS */;
/*!40000 ALTER TABLE `auto_style` ENABLE KEYS */;


-- Дамп структуры для таблица car.auto_transmissionType
DROP TABLE IF EXISTS `auto_transmissionType`;
CREATE TABLE IF NOT EXISTS `auto_transmissionType` (
  `id` int(10) unsigned NOT NULL AUTO_INCREMENT,
  `idModel` int(10) unsigned NOT NULL,
  `name` varchar(50) DEFAULT NULL,
  PRIMARY KEY (`id`),
  KEY `FK_auto_transmissionType_auto_model` (`idModel`),
  CONSTRAINT `FK_auto_transmissionType_auto_model` FOREIGN KEY (`idModel`) REFERENCES `auto_model` (`id`)
) ENGINE=InnoDB DEFAULT CHARSET=utf8 COMMENT='тип трансмисии';

-- Дамп данных таблицы car.auto_transmissionType: ~0 rows (приблизительно)
/*!40000 ALTER TABLE `auto_transmissionType` DISABLE KEYS */;
/*!40000 ALTER TABLE `auto_transmissionType` ENABLE KEYS */;


-- Дамп структуры для таблица car.auto_vin
DROP TABLE IF EXISTS `auto_vin`;
CREATE TABLE IF NOT EXISTS `auto_vin` (
  `id` int(11) unsigned NOT NULL AUTO_INCREMENT COMMENT 'индентификатор',
  `vin` varchar(17) NOT NULL COMMENT 'vin код',
  `makeId` int(11) unsigned NOT NULL COMMENT 'айди на сайте deloper.edmunds.com',
  `makeName` int(1) unsigned NOT NULL COMMENT 'Марка авто',
  `modelName` int(1) unsigned NOT NULL COMMENT 'Модель авто',
  `modelYearId` int(10) unsigned NOT NULL COMMENT 'Айди года на сайте',
  `transmissionType` int(1) unsigned NOT NULL COMMENT 'тип трансмисии',
  `engineType` int(1) unsigned NOT NULL COMMENT 'тип топлива',
  `engineCompressorType` int(1) unsigned NOT NULL COMMENT 'тип компресора двигателя',
  `engineFuelType` int(1) unsigned NOT NULL COMMENT 'тип вприскывания ???',
  `engineCylinder` int(1) unsigned NOT NULL COMMENT 'кол. цилиндров',
  `engineSize` int(10) unsigned NOT NULL COMMENT 'объем двигателя',
  `style` int(1) unsigned NOT NULL COMMENT 'тип автомобиля(седан)',
  PRIMARY KEY (`id`),
  KEY `FK_auto_vin_auto_make` (`makeName`),
  KEY `FK_auto_vin_auto_model` (`modelName`),
  KEY `FK_auto_vin_auto_year` (`modelYearId`),
  KEY `FK_auto_vin_auto_transmissionType` (`transmissionType`),
  KEY `FK_auto_vin_auto_engineType` (`engineType`),
  KEY `FK_auto_vin_auto_engineCompressorType` (`engineCompressorType`),
  KEY `FK_auto_vin_auto_engineCylinder` (`engineCylinder`),
  KEY `FK_auto_vin_auto_engineSize` (`engineSize`),
  KEY `FK_auto_vin_auto_style` (`style`),
  KEY `FK_auto_vin_auto_engineFuelType` (`engineFuelType`),
  CONSTRAINT `FK_auto_vin_auto_engineCompressorType` FOREIGN KEY (`engineCompressorType`) REFERENCES `auto_engineCompressorType` (`id`),
  CONSTRAINT `FK_auto_vin_auto_engineCylinder` FOREIGN KEY (`engineCylinder`) REFERENCES `auto_engineCylinder` (`id`),
  CONSTRAINT `FK_auto_vin_auto_engineFuelType` FOREIGN KEY (`engineFuelType`) REFERENCES `auto_engineFuelType` (`id`),
  CONSTRAINT `FK_auto_vin_auto_engineSize` FOREIGN KEY (`engineSize`) REFERENCES `auto_engineSize` (`id`),
  CONSTRAINT `FK_auto_vin_auto_engineType` FOREIGN KEY (`engineType`) REFERENCES `auto_engineType` (`id`),
  CONSTRAINT `FK_auto_vin_auto_make` FOREIGN KEY (`makeName`) REFERENCES `auto_make` (`id`),
  CONSTRAINT `FK_auto_vin_auto_model` FOREIGN KEY (`modelName`) REFERENCES `auto_model` (`id`),
  CONSTRAINT `FK_auto_vin_auto_style` FOREIGN KEY (`style`) REFERENCES `auto_style` (`id`),
  CONSTRAINT `FK_auto_vin_auto_transmissionType` FOREIGN KEY (`transmissionType`) REFERENCES `auto_transmissionType` (`id`),
  CONSTRAINT `FK_auto_vin_auto_year` FOREIGN KEY (`modelYearId`) REFERENCES `auto_year` (`id`)
) ENGINE=InnoDB DEFAULT CHARSET=utf8 COMMENT='база вин кодов и характеристик';

-- Дамп данных таблицы car.auto_vin: ~0 rows (приблизительно)
/*!40000 ALTER TABLE `auto_vin` DISABLE KEYS */;
/*!40000 ALTER TABLE `auto_vin` ENABLE KEYS */;


-- Дамп структуры для таблица car.auto_year
DROP TABLE IF EXISTS `auto_year`;
CREATE TABLE IF NOT EXISTS `auto_year` (
  `id` int(10) unsigned NOT NULL AUTO_INCREMENT,
  `year` int(4) DEFAULT NULL,
  PRIMARY KEY (`id`),
  UNIQUE KEY `Индекс 2` (`id`),
  UNIQUE KEY `Индекс 4` (`year`)
) ENGINE=InnoDB AUTO_INCREMENT=77 DEFAULT CHARSET=utf8 COMMENT='год выпуска';

-- Дамп данных таблицы car.auto_year: ~76 rows (приблизительно)
/*!40000 ALTER TABLE `auto_year` DISABLE KEYS */;
INSERT IGNORE INTO `auto_year` (`id`, `year`) VALUES
	(1, 1940),
	(2, 1941),
	(3, 1942),
	(4, 1943),
	(5, 1944),
	(7, 1945),
	(9, 1946),
	(6, 1947),
	(8, 1948),
	(10, 1949),
	(11, 1950),
	(12, 1951),
	(15, 1952),
	(13, 1953),
	(16, 1954),
	(14, 1955),
	(17, 1956),
	(18, 1957),
	(19, 1958),
	(20, 1959),
	(21, 1960),
	(22, 1961),
	(23, 1962),
	(24, 1963),
	(25, 1964),
	(27, 1965),
	(26, 1966),
	(28, 1967),
	(29, 1968),
	(32, 1969),
	(30, 1970),
	(31, 1971),
	(33, 1972),
	(34, 1973),
	(35, 1974),
	(36, 1975),
	(37, 1976),
	(38, 1977),
	(40, 1978),
	(41, 1979),
	(39, 1980),
	(42, 1981),
	(43, 1982),
	(44, 1983),
	(45, 1984),
	(46, 1985),
	(48, 1986),
	(47, 1987),
	(50, 1988),
	(49, 1989),
	(51, 1990),
	(52, 1991),
	(53, 1992),
	(54, 1993),
	(55, 1994),
	(56, 1995),
	(58, 1996),
	(57, 1997),
	(59, 1998),
	(60, 1999),
	(62, 2000),
	(61, 2001),
	(63, 2002),
	(64, 2003),
	(65, 2004),
	(66, 2005),
	(68, 2006),
	(67, 2007),
	(69, 2008),
	(70, 2009),
	(71, 2010),
	(72, 2011),
	(73, 2012),
	(74, 2013),
	(75, 2014),
	(76, 2015);
/*!40000 ALTER TABLE `auto_year` ENABLE KEYS */;
/*!40101 SET SQL_MODE=IFNULL(@OLD_SQL_MODE, '') */;
/*!40014 SET FOREIGN_KEY_CHECKS=IF(@OLD_FOREIGN_KEY_CHECKS IS NULL, 1, @OLD_FOREIGN_KEY_CHECKS) */;
/*!40101 SET CHARACTER_SET_CLIENT=@OLD_CHARACTER_SET_CLIENT */;
